Workbook

Sheet RAW Truck List Data

Sheet Helper Trucklist Page
A1: Job Order Number | B1: Customer PO | C1: Name | D1: SO Order Number | E1: Truck Ship Date | F1: SO Line Item | G1: Description | H1: Order Qty | I1: Delivered Qty | J1: BO Qty | K1: Floor ID | L1: Component Ordered | M1: Barcode | O1: Description Helper | Q1: Fixing Customer Names | R1: RAW NAMES | S1: Extract 2 Words
A2: {=IF( 'RAW Truck List Data'!D2:D1000="", "", 'RAW Truck List Data'!D2:D1000 )} | B2: {=IF( 'RAW Truck List Data'!E2:E1000="", "", 'RAW Truck List Data'!E2:E1000 )} | C2: {=IFERROR(_xlfn.TEXTJOIN("",TRUE,_xlfn._xlws.FILTER(MID(S2,_xlfn.SEQUENCE(LEN(S2)),1),ISNUMBER(SEARCH(MID(S2,_xlfn.SEQUENCE(LEN(S2)),1),"ABCDEFGHIJKLMNOPQRSTUVWXYZabcdefghijklmnopqrstuvwxyz0123456789,")))),"")} | D2: {=IF( 'RAW Truck List Data'!G2:G1000="", "", 'RAW Truck List Data'!G2:G1000 )} | E2: {=IF( 'RAW Truck List Data'!I2:I1000="", "", 'RAW Truck List Data'!I2:I1000 )} | F2: {=IF( 'RAW Truck List Data'!L2:L1000="", "", 'RAW Truck List Data'!L2:L1000 )} | G2: {=IF(TRIM(P2)="","",IF(SUM(COUNTIF(P2,{"*NLGD*","*FWG*"}))>0,P2,IF(SUM(COUNTIF(P2,{"*GL*","*DGB*","*DGI*","*GT*","*CS*","*PWU*","*DBI*","*SWU*"}))=0,P2,IF(IFERROR(VALUE(SUBSTITUTE(SUBSTITUTE(O2,"W",""),"""","")),0)>52,P2&"-OVRSIZE-",P2))))} -> #VALUE! | H2: {=IF('RAW Truck List Data'!P2:P2000="","",'RAW Truck List Data'!P2:P1000)} | I2: {=IF('RAW Truck List Data'!Q2:Q2000="","",'RAW Truck List Data'!Q2:Q1000)} | J2: {=IF( 'RAW Truck List Data'!R2:R2000="", "", 'RAW Truck List Data'!R2:R2000 )} | K2: {=IF( 'RAW Truck List Data'!T2:T2000="", "", 'RAW Truck List Data'!T2:T2000 )} | L2: {=IF( 'RAW Truck List Data'!U2:U2000="", "", 'RAW Truck List Data'!U2:U2000 )} | M2: {=IF( 'RAW Truck List Data'!X2:X2000="", "", 'RAW Truck List Data'!X2:X2000 )} | O2: {=IFERROR(_xlfn.LET( _xlpm.clean,TRIM(SUBSTITUTE(SUBSTITUTE(P2,CHAR(160)," ")," "," ")), _xlpm.beforeX,TRIM(_xlfn.TEXTBEFORE(SUBSTITUTE(_xlpm.clean,"x","X"),"X")), _xlpm.parts,_xlfn.TEXTSPLIT(_xlpm.beforeX," "), _xlpm.nums,_xlfn._xlws.FILTER(_xlpm.parts,ISNUMBER(IFERROR(_xlfn.NUMBERVALUE(_xlpm.parts),IFERROR(DATEVALUE(_xlpm.parts),FALSE)))), _xlpm.last,_xlfn.TAKE(_xlpm.nums,,-1), _xlpm.prev,IFERROR(_xlfn.TAKE(_xlfn.DROP(_xlpm.nums,,MAX(0,COLUMNS(_xlpm.nums)-2)),,1),""), IF(ISNUMBER(SEARCH("/",_xlpm.last)), IF(_xlpm.prev<>"",_xlpm.prev&" "&_xlpm.last&"""",_xlpm.last&""""), _xlpm.last&"""") ),"")} | P2: {=_xlfn._xlws.FILTER('RAW Truck List Data'!O2:O2000,'RAW Truck List Data'!O2:O2000<>"")} -> #VALUE! | R2: {=IF( 'RAW Truck List Data'!F2:F1000="", "", 'RAW Truck List Data'!F2:F1000 )} | S2: =IF(R2="","",_xlfn.LET( _xlpm.x,TRIM(SUBSTITUTE(SUBSTITUTE(SUBSTITUTE(SUBSTITUTE(R2,":"," "),";"," "),","," ")," "," ")), _xlpm.first,_xlfn.TEXTBEFORE(_xlpm.x&" "," "), _xlpm.rest,_xlfn.TEXTAFTER(_xlpm.x&" "," "), _xlpm.second,_xlfn.TEXTBEFORE(_xlpm.rest&" "," "), _xlpm.third,IFERROR(_xlfn.TEXTBEFORE(_xlfn.TEXTAFTER(_xlpm.rest&" "," ")&" "," "),""), IF(_xlpm.third="",_xlpm.second&", "&_xlpm.first,_xlpm.first&", "&_xlpm.second) ))
C3: {=IFERROR(_xlfn.TEXTJOIN("",TRUE,_xlfn._xlws.FILTER(MID(S3,_xlfn.SEQUENCE(LEN(S3)),1),ISNUMBER(SEARCH(MID(S3,_xlfn.SEQUENCE(LEN(S3)),1),"ABCDEFGHIJKLMNOPQRSTUVWXYZabcdefghijklmnopqrstuvwxyz0123456789,")))),"")} | G3: {=IF(TRIM(P3)="","",IF(SUM(COUNTIF(P3,{"*NLGD*","*FWG*"}))>0,P3,IF(SUM(COUNTIF(P3,{"*GL*","*DGB*","*DGI*","*GT*","*CS*","*PWU*","*DBI*","*SWU*"}))=0,P3,IF(IFERROR(VALUE(SUBSTITUTE(SUBSTITUTE(O3,"W",""),"""","")),0)>52,P3&"-OVRSIZE-",P3))))} | O3: {=IFERROR(_xlfn.LET( _xlpm.clean,TRIM(SUBSTITUTE(SUBSTITUTE(P3,CHAR(160)," ")," "," ")), _xlpm.beforeX,TRIM(_xlfn.TEXTBEFORE(SUBSTITUTE(_xlpm.clean,"x","X"),"X")), _xlpm.parts,_xlfn.TEXTSPLIT(_xlpm.beforeX," "), _xlpm.nums,_xlfn._xlws.FILTER(_xlpm.parts,ISNUMBER(IFERROR(_xlfn.NUMBERVALUE(_xlpm.parts),IFERROR(DATEVALUE(_xlpm.parts),FALSE)))), _xlpm.last,_xlfn.TAKE(_xlpm.nums,,-1), _xlpm.prev,IFERROR(_xlfn.TAKE(_xlfn.DROP(_xlpm.nums,,MAX(0,COLUMNS(_xlpm.nums)-2)),,1),""), IF(ISNUMBER(SEARCH("/",_xlpm.last)), IF(_xlpm.prev<>"",_xlpm.prev&" "&_xlpm.last&"""",_xlpm.last&""""), _xlpm.last&"""") ),"")} | S3: =IF(R3="","",_xlfn.LET( _xlpm.x,TRIM(SUBSTITUTE(SUBSTITUTE(SUBSTITUTE(SUBSTITUTE(R3,":"," "),";"," "),","," ")," "," ")), _xlpm.first,_xlfn.TEXTBEFORE(_xlpm.x&" "," "), _xlpm.rest,_xlfn.TEXTAFTER(_xlpm.x&" "," "), _xlpm.second,_xlfn.TEXTBEFORE(_xlpm.rest&" "," "), _xlpm.third,IFERROR(_xlfn.TEXTBEFORE(_xlfn.TEXTAFTER(_xlpm.rest&" "," ")&" "," "),""), IF(_xlpm.third="",_xlpm.second&", "&_xlpm.first,_xlpm.first&", "&_xlpm.second) ))
C4: {=IFERROR(_xlfn.TEXTJOIN("",TRUE,_xlfn._xlws.FILTER(MID(S4,_xlfn.SEQUENCE(LEN(S4)),1),ISNUMBER(SEARCH(MID(S4,_xlfn.SEQUENCE(LEN(S4)),1),"ABCDEFGHIJKLMNOPQRSTUVWXYZabcdefghijklmnopqrstuvwxyz0123456789,")))),"")} | G4: {=IF(TRIM(P4)="","",IF(SUM(COUNTIF(P4,{"*NLGD*","*FWG*"}))>0,P4,IF(SUM(COUNTIF(P4,{"*GL*","*DGB*","*DGI*","*GT*","*CS*","*PWU*","*DBI*","*SWU*"}))=0,P4,IF(IFERROR(VALUE(SUBSTITUTE(SUBSTITUTE(O4,"W",""),"""","")),0)>52,P4&"-OVRSIZE-",P4))))} | O4: {=IFERROR(_xlfn.LET( _xlpm.clean,TRIM(SUBSTITUTE(SUBSTITUTE(P4,CHAR(160)," ")," "," ")), _xlpm.beforeX,TRIM(_xlfn.TEXTBEFORE(SUBSTITUTE(_xlpm.clean,"x","X"),"X")), _xlpm.parts,_xlfn.TEXTSPLIT(_xlpm.beforeX," "), _xlpm.nums,_xlfn._xlws.FILTER(_xlpm.parts,ISNUMBER(IFERROR(_xlfn.NUMBERVALUE(_xlpm.parts),IFERROR(DATEVALUE(_xlpm.parts),FALSE)))), _xlpm.last,_xlfn.TAKE(_xlpm.nums,,-1), _xlpm.prev,IFERROR(_xlfn.TAKE(_xlfn.DROP(_xlpm.nums,,MAX(0,COLUMNS(_xlpm.nums)-2)),,1),""), IF(ISNUMBER(SEARCH("/",_xlpm.last)), IF(_xlpm.prev<>"",_xlpm.prev&" "&_xlpm.last&"""",_xlpm.last&""""), _xlpm.last&"""") ),"")} | S4: =IF(R4="","",_xlfn.LET( _xlpm.x,TRIM(SUBSTITUTE(SUBSTITUTE(SUBSTITUTE(SUBSTITUTE(R4,":"," "),";"," "),","," ")," "," ")), _xlpm.first,_xlfn.TEXTBEFORE(_xlpm.x&" "," "), _xlpm.rest,_xlfn.TEXTAFTER(_xlpm.x&" "," "), _xlpm.second,_xlfn.TEXTBEFORE(_xlpm.rest&" "," "), _xlpm.third,IFERROR(_xlfn.TEXTBEFORE(_xlfn.TEXTAFTER(_xlpm.rest&" "," ")&" "," "),""), IF(_xlpm.third="",_xlpm.second&", "&_xlpm.first,_xlpm.first&", "&_xlpm.second) ))
C5: {=IFERROR(_xlfn.TEXTJOIN("",TRUE,_xlfn._xlws.FILTER(MID(S5,_xlfn.SEQUENCE(LEN(S5)),1),ISNUMBER(SEARCH(MID(S5,_xlfn.SEQUENCE(LEN(S5)),1),"ABCDEFGHIJKLMNOPQRSTUVWXYZabcdefghijklmnopqrstuvwxyz0123456789,")))),"")} | G5: {=IF(TRIM(P5)="","",IF(SUM(COUNTIF(P5,{"*NLGD*","*FWG*"}))>0,P5,IF(SUM(COUNTIF(P5,{"*GL*","*DGB*","*DGI*","*GT*","*CS*","*PWU*","*DBI*","*SWU*"}))=0,P5,IF(IFERROR(VALUE(SUBSTITUTE(SUBSTITUTE(O5,"W",""),"""","")),0)>52,P5&"-OVRSIZE-",P5))))} | O5: {=IFERROR(_xlfn.LET( _xlpm.clean,TRIM(SUBSTITUTE(SUBSTITUTE(P5,CHAR(160)," ")," "," ")), _xlpm.beforeX,TRIM(_xlfn.TEXTBEFORE(SUBSTITUTE(_xlpm.clean,"x","X"),"X")), _xlpm.parts,_xlfn.TEXTSPLIT(_xlpm.beforeX," "), _xlpm.nums,_xlfn._xlws.FILTER(_xlpm.parts,ISNUMBER(IFERROR(_xlfn.NUMBERVALUE(_xlpm.parts),IFERROR(DATEVALUE(_xlpm.parts),FALSE)))), _xlpm.last,_xlfn.TAKE(_xlpm.nums,,-1), _xlpm.prev,IFERROR(_xlfn.TAKE(_xlfn.DROP(_xlpm.nums,,MAX(0,COLUMNS(_xlpm.nums)-2)),,1),""), IF(ISNUMBER(SEARCH("/",_xlpm.last)), IF(_xlpm.prev<>"",_xlpm.prev&" "&_xlpm.last&"""",_xlpm.last&""""), _xlpm.last&"""") ),"")} | S5: =IF(R5="","",_xlfn.LET( _xlpm.x,TRIM(SUBSTITUTE(SUBSTITUTE(SUBSTITUTE(SUBSTITUTE(R5,":"," "),";"," "),","," ")," "," ")), _xlpm.first,_xlfn.TEXTBEFORE(_xlpm.x&" "," "), _xlpm.rest,_xlfn.TEXTAFTER(_xlpm.x&" "," "), _xlpm.second,_xlfn.TEXTBEFORE(_xlpm.rest&" "," "), _xlpm.third,IFERROR(_xlfn.TEXTBEFORE(_xlfn.TEXTAFTER(_xlpm.rest&" "," ")&" "," "),""), IF(_xlpm.third="",_xlpm.second&", "&_xlpm.first,_xlpm.first&", "&_xlpm.second) ))
C6: {=IFERROR(_xlfn.TEXTJOIN("",TRUE,_xlfn._xlws.FILTER(MID(S6,_xlfn.SEQUENCE(LEN(S6)),1),ISNUMBER(SEARCH(MID(S6,_xlfn.SEQUENCE(LEN(S6)),1),"ABCDEFGHIJKLMNOPQRSTUVWXYZabcdefghijklmnopqrstuvwxyz0123456789,")))),"")} | G6: {=IF(TRIM(P6)="","",IF(SUM(COUNTIF(P6,{"*NLGD*","*FWG*"}))>0,P6,IF(SUM(COUNTIF(P6,{"*GL*","*DGB*","*DGI*","*GT*","*CS*","*PWU*","*DBI*","*SWU*"}))=0,P6,IF(IFERROR(VALUE(SUBSTITUTE(SUBSTITUTE(O6,"W",""),"""","")),0)>52,P6&"-OVRSIZE-",P6))))} | O6: {=IFERROR(_xlfn.LET( _xlpm.clean,TRIM(SUBSTITUTE(SUBSTITUTE(P6,CHAR(160)," ")," "," ")), _xlpm.beforeX,TRIM(_xlfn.TEXTBEFORE(SUBSTITUTE(_xlpm.clean,"x","X"),"X")), _xlpm.parts,_xlfn.TEXTSPLIT(_xlpm.beforeX," "), _xlpm.nums,_xlfn._xlws.FILTER(_xlpm.parts,ISNUMBER(IFERROR(_xlfn.NUMBERVALUE(_xlpm.parts),IFERROR(DATEVALUE(_xlpm.parts),FALSE)))), _xlpm.last,_xlfn.TAKE(_xlpm.nums,,-1), _xlpm.prev,IFERROR(_xlfn.TAKE(_xlfn.DROP(_xlpm.nums,,MAX(0,COLUMNS(_xlpm.nums)-2)),,1),""), IF(ISNUMBER(SEARCH("/",_xlpm.last)), IF(_xlpm.prev<>"",_xlpm.prev&" "&_xlpm.last&"""",_xlpm.last&""""), _xlpm.last&"""") ),"")} | S6: =IF(R6="","",_xlfn.LET( _xlpm.x,TRIM(SUBSTITUTE(SUBSTITUTE(SUBSTITUTE(SUBSTITUTE(R6,":"," "),";"," "),","," ")," "," ")), _xlpm.first,_xlfn.TEXTBEFORE(_xlpm.x&" "," "), _xlpm.rest,_xlfn.TEXTAFTER(_xlpm.x&" "," "), _xlpm.second,_xlfn.TEXTBEFORE(_xlpm.rest&" "," "), _xlpm.third,IFERROR(_xlfn.TEXTBEFORE(_xlfn.TEXTAFTER(_xlpm.rest&" "," ")&" "," "),""), IF(_xlpm.third="",_xlpm.second&", "&_xlpm.first,_xlpm.first&", "&_xlpm.second) ))
C7: {=IFERROR(_xlfn.TEXTJOIN("",TRUE,_xlfn._xlws.FILTER(MID(S7,_xlfn.SEQUENCE(LEN(S7)),1),ISNUMBER(SEARCH(MID(S7,_xlfn.SEQUENCE(LEN(S7)),1),"ABCDEFGHIJKLMNOPQRSTUVWXYZabcdefghijklmnopqrstuvwxyz0123456789,")))),"")} | G7: {=IF(TRIM(P7)="","",IF(SUM(COUNTIF(P7,{"*NLGD*","*FWG*"}))>0,P7,IF(SUM(COUNTIF(P7,{"*GL*","*DGB*","*DGI*","*GT*","*CS*","*PWU*","*DBI*","*SWU*"}))=0,P7,IF(IFERROR(VALUE(SUBSTITUTE(SUBSTITUTE(O7,"W",""),"""","")),0)>52,P7&"-OVRSIZE-",P7))))} | O7: {=IFERROR(_xlfn.LET( _xlpm.clean,TRIM(SUBSTITUTE(SUBSTITUTE(P7,CHAR(160)," ")," "," ")), _xlpm.beforeX,TRIM(_xlfn.TEXTBEFORE(SUBSTITUTE(_xlpm.clean,"x","X"),"X")), _xlpm.parts,_xlfn.TEXTSPLIT(_xlpm.beforeX," "), _xlpm.nums,_xlfn._xlws.FILTER(_xlpm.parts,ISNUMBER(IFERROR(_xlfn.NUMBERVALUE(_xlpm.parts),IFERROR(DATEVALUE(_xlpm.parts),FALSE)))), _xlpm.last,_xlfn.TAKE(_xlpm.nums,,-1), _xlpm.prev,IFERROR(_xlfn.TAKE(_xlfn.DROP(_xlpm.nums,,MAX(0,COLUMNS(_xlpm.nums)-2)),,1),""), IF(ISNUMBER(SEARCH("/",_xlpm.last)), IF(_xlpm.prev<>"",_xlpm.prev&" "&_xlpm.last&"""",_xlpm.last&""""), _xlpm.last&"""") ),"")} | S7: =IF(R7="","",_xlfn.LET( _xlpm.x,TRIM(SUBSTITUTE(SUBSTITUTE(SUBSTITUTE(SUBSTITUTE(R7,":"," "),";"," "),","," ")," "," ")), _xlpm.first,_xlfn.TEXTBEFORE(_xlpm.x&" "," "), _xlpm.rest,_xlfn.TEXTAFTER(_xlpm.x&" "," "), _xlpm.second,_xlfn.TEXTBEFORE(_xlpm.rest&" "," "), _xlpm.third,IFERROR(_xlfn.TEXTBEFORE(_xlfn.TEXTAFTER(_xlpm.rest&" "," ")&" "," "),""), IF(_xlpm.third="",_xlpm.second&", "&_xlpm.first,_xlpm.first&", "&_xlpm.second) ))
C8: {=IFERROR(_xlfn.TEXTJOIN("",TRUE,_xlfn._xlws.FILTER(MID(S8,_xlfn.SEQUENCE(LEN(S8)),1),ISNUMBER(SEARCH(MID(S8,_xlfn.SEQUENCE(LEN(S8)),1),"ABCDEFGHIJKLMNOPQRSTUVWXYZabcdefghijklmnopqrstuvwxyz0123456789,")))),"")} | G8: {=IF(TRIM(P8)="","",IF(SUM(COUNTIF(P8,{"*NLGD*","*FWG*"}))>0,P8,IF(SUM(COUNTIF(P8,{"*GL*","*DGB*","*DGI*","*GT*","*CS*","*PWU*","*DBI*","*SWU*"}))=0,P8,IF(IFERROR(VALUE(SUBSTITUTE(SUBSTITUTE(O8,"W",""),"""","")),0)>52,P8&"-OVRSIZE-",P8))))} | O8: {=IFERROR(_xlfn.LET( _xlpm.clean,TRIM(SUBSTITUTE(SUBSTITUTE(P8,CHAR(160)," ")," "," ")), _xlpm.beforeX,TRIM(_xlfn.TEXTBEFORE(SUBSTITUTE(_xlpm.clean,"x","X"),"X")), _xlpm.parts,_xlfn.TEXTSPLIT(_xlpm.beforeX," "), _xlpm.nums,_xlfn._xlws.FILTER(_xlpm.parts,ISNUMBER(IFERROR(_xlfn.NUMBERVALUE(_xlpm.parts),IFERROR(DATEVALUE(_xlpm.parts),FALSE)))), _xlpm.last,_xlfn.TAKE(_xlpm.nums,,-1), _xlpm.prev,IFERROR(_xlfn.TAKE(_xlfn.DROP(_xlpm.nums,,MAX(0,COLUMNS(_xlpm.nums)-2)),,1),""), IF(ISNUMBER(SEARCH("/",_xlpm.last)), IF(_xlpm.prev<>"",_xlpm.prev&" "&_xlpm.last&"""",_xlpm.last&""""), _xlpm.last&"""") ),"")} | S8: =IF(R8="","",_xlfn.LET( _xlpm.x,TRIM(SUBSTITUTE(SUBSTITUTE(SUBSTITUTE(SUBSTITUTE(R8,":"," "),";"," "),","," ")," "," ")), _xlpm.first,_xlfn.TEXTBEFORE(_xlpm.x&" "," "), _xlpm.rest,_xlfn.TEXTAFTER(_xlpm.x&" "," "), _xlpm.second,_xlfn.TEXTBEFORE(_xlpm.rest&" "," "), _xlpm.third,IFERROR(_xlfn.TEXTBEFORE(_xlfn.TEXTAFTER(_xlpm.rest&" "," ")&" "," "),""), IF(_xlpm.third="",_xlpm.second&", "&_xlpm.first,_xlpm.first&", "&_xlpm.second) ))
C9: {=IFERROR(_xlfn.TEXTJOIN("",TRUE,_xlfn._xlws.FILTER(MID(S9,_xlfn.SEQUENCE(LEN(S9)),1),ISNUMBER(SEARCH(MID(S9,_xlfn.SEQUENCE(LEN(S9)),1),"ABCDEFGHIJKLMNOPQRSTUVWXYZabcdefghijklmnopqrstuvwxyz0123456789,")))),"")} | G9: {=IF(TRIM(P9)="","",IF(SUM(COUNTIF(P9,{"*NLGD*","*FWG*"}))>0,P9,IF(SUM(COUNTIF(P9,{"*GL*","*DGB*","*DGI*","*GT*","*CS*","*PWU*","*DBI*","*SWU*"}))=0,P9,IF(IFERROR(VALUE(SUBSTITUTE(SUBSTITUTE(O9,"W",""),"""","")),0)>52,P9&"-OVRSIZE-",P9))))} | O9: {=IFERROR(_xlfn.LET( _xlpm.clean,TRIM(SUBSTITUTE(SUBSTITUTE(P9,CHAR(160)," ")," "," ")), _xlpm.beforeX,TRIM(_xlfn.TEXTBEFORE(SUBSTITUTE(_xlpm.clean,"x","X"),"X")), _xlpm.parts,_xlfn.TEXTSPLIT(_xlpm.beforeX," "), _xlpm.nums,_xlfn._xlws.FILTER(_xlpm.parts,ISNUMBER(IFERROR(_xlfn.NUMBERVALUE(_xlpm.parts),IFERROR(DATEVALUE(_xlpm.parts),FALSE)))), _xlpm.last,_xlfn.TAKE(_xlpm.nums,,-1), _xlpm.prev,IFERROR(_xlfn.TAKE(_xlfn.DROP(_xlpm.nums,,MAX(0,COLUMNS(_xlpm.nums)-2)),,1),""), IF(ISNUMBER(SEARCH("/",_xlpm.last)), IF(_xlpm.prev<>"",_xlpm.prev&" "&_xlpm.last&"""",_xlpm.last&""""), _xlpm.last&"""") ),"")} | S9: =IF(R9="","",_xlfn.LET( _xlpm.x,TRIM(SUBSTITUTE(SUBSTITUTE(SUBSTITUTE(SUBSTITUTE(R9,":"," "),";"," "),","," ")," "," ")), _xlpm.first,_xlfn.TEXTBEFORE(_xlpm.x&" "," "), _xlpm.rest,_xlfn.TEXTAFTER(_xlpm.x&" "," "), _xlpm.second,_xlfn.TEXTBEFORE(_xlpm.rest&" "," "), _xlpm.third,IFERROR(_xlfn.TEXTBEFORE(_xlfn.TEXTAFTER(_xlpm.rest&" "," ")&" "," "),""), IF(_xlpm.third="",_xlpm.second&", "&_xlpm.first,_xlpm.first&", "&_xlpm.second) ))
C10: {=IFERROR(_xlfn.TEXTJOIN("",TRUE,_xlfn._xlws.FILTER(MID(S10,_xlfn.SEQUENCE(LEN(S10)),1),ISNUMBER(SEARCH(MID(S10,_xlfn.SEQUENCE(LEN(S10)),1),"ABCDEFGHIJKLMNOPQRSTUVWXYZabcdefghijklmnopqrstuvwxyz0123456789,")))),"")} | G10: {=IF(TRIM(P10)="","",IF(SUM(COUNTIF(P10,{"*NLGD*","*FWG*"}))>0,P10,IF(SUM(COUNTIF(P10,{"*GL*","*DGB*","*DGI*","*GT*","*CS*","*PWU*","*DBI*","*SWU*"}))=0,P10,IF(IFERROR(VALUE(SUBSTITUTE(SUBSTITUTE(O10,"W",""),"""","")),0)>52,P10&"-OVRSIZE-",P10))))} | O10: {=IFERROR(_xlfn.LET( _xlpm.clean,TRIM(SUBSTITUTE(SUBSTITUTE(P10,CHAR(160)," ")," "," ")), _xlpm.beforeX,TRIM(_xlfn.TEXTBEFORE(SUBSTITUTE(_xlpm.clean,"x","X"),"X")), _xlpm.parts,_xlfn.TEXTSPLIT(_xlpm.beforeX," "), _xlpm.nums,_xlfn._xlws.FILTER(_xlpm.parts,ISNUMBER(IFERROR(_xlfn.NUMBERVALUE(_xlpm.parts),IFERROR(DATEVALUE(_xlpm.parts),FALSE)))), _xlpm.last,_xlfn.TAKE(_xlpm.nums,,-1), _xlpm.prev,IFERROR(_xlfn.TAKE(_xlfn.DROP(_xlpm.nums,,MAX(0,COLUMNS(_xlpm.nums)-2)),,1),""), IF(ISNUMBER(SEARCH("/",_xlpm.last)), IF(_xlpm.prev<>"",_xlpm.prev&" "&_xlpm.last&"""",_xlpm.last&""""), _xlpm.last&"""") ),"")} | S10: =IF(R10="","",_xlfn.LET( _xlpm.x,TRIM(SUBSTITUTE(SUBSTITUTE(SUBSTITUTE(SUBSTITUTE(R10,":"," "),";"," "),","," ")," "," ")), _xlpm.first,_xlfn.TEXTBEFORE(_xlpm.x&" "," "), _xlpm.rest,_xlfn.TEXTAFTER(_xlpm.x&" "," "), _xlpm.second,_xlfn.TEXTBEFORE(_xlpm.rest&" "," "), _xlpm.third,IFERROR(_xlfn.TEXTBEFORE(_xlfn.TEXTAFTER(_xlpm.rest&" "," ")&" "," "),""), IF(_xlpm.third="",_xlpm.second&", "&_xlpm.first,_xlpm.first&", "&_xlpm.second) ))
C11: {=IFERROR(_xlfn.TEXTJOIN("",TRUE,_xlfn._xlws.FILTER(MID(S11,_xlfn.SEQUENCE(LEN(S11)),1),ISNUMBER(SEARCH(MID(S11,_xlfn.SEQUENCE(LEN(S11)),1),"ABCDEFGHIJKLMNOPQRSTUVWXYZabcdefghijklmnopqrstuvwxyz0123456789,")))),"")} | G11: {=IF(TRIM(P11)="","",IF(SUM(COUNTIF(P11,{"*NLGD*","*FWG*"}))>0,P11,IF(SUM(COUNTIF(P11,{"*GL*","*DGB*","*DGI*","*GT*","*CS*","*PWU*","*DBI*","*SWU*"}))=0,P11,IF(IFERROR(VALUE(SUBSTITUTE(SUBSTITUTE(O11,"W",""),"""","")),0)>52,P11&"-OVRSIZE-",P11))))} | O11: {=IFERROR(_xlfn.LET( _xlpm.clean,TRIM(SUBSTITUTE(SUBSTITUTE(P11,CHAR(160)," ")," "," ")), _xlpm.beforeX,TRIM(_xlfn.TEXTBEFORE(SUBSTITUTE(_xlpm.clean,"x","X"),"X")), _xlpm.parts,_xlfn.TEXTSPLIT(_xlpm.beforeX," "), _xlpm.nums,_xlfn._xlws.FILTER(_xlpm.parts,ISNUMBER(IFERROR(_xlfn.NUMBERVALUE(_xlpm.parts),IFERROR(DATEVALUE(_xlpm.parts),FALSE)))), _xlpm.last,_xlfn.TAKE(_xlpm.nums,,-1), _xlpm.prev,IFERROR(_xlfn.TAKE(_xlfn.DROP(_xlpm.nums,,MAX(0,COLUMNS(_xlpm.nums)-2)),,1),""), IF(ISNUMBER(SEARCH("/",_xlpm.last)), IF(_xlpm.prev<>"",_xlpm.prev&" "&_xlpm.last&"""",_xlpm.last&""""), _xlpm.last&"""") ),"")} | S11: =IF(R11="","",_xlfn.LET( _xlpm.x,TRIM(SUBSTITUTE(SUBSTITUTE(SUBSTITUTE(SUBSTITUTE(R11,":"," "),";"," "),","," ")," "," ")), _xlpm.first,_xlfn.TEXTBEFORE(_xlpm.x&" "," "), _xlpm.rest,_xlfn.TEXTAFTER(_xlpm.x&" "," "), _xlpm.second,_xlfn.TEXTBEFORE(_xlpm.rest&" "," "), _xlpm.third,IFERROR(_xlfn.TEXTBEFORE(_xlfn.TEXTAFTER(_xlpm.rest&" "," ")&" "," "),""), IF(_xlpm.third="",_xlpm.second&", "&_xlpm.first,_xlpm.first&", "&_xlpm.second) ))
C12: {=IFERROR(_xlfn.TEXTJOIN("",TRUE,_xlfn._xlws.FILTER(MID(S12,_xlfn.SEQUENCE(LEN(S12)),1),ISNUMBER(SEARCH(MID(S12,_xlfn.SEQUENCE(LEN(S12)),1),"ABCDEFGHIJKLMNOPQRSTUVWXYZabcdefghijklmnopqrstuvwxyz0123456789,")))),"")} | G12: {=IF(TRIM(P12)="","",IF(SUM(COUNTIF(P12,{"*NLGD*","*FWG*"}))>0,P12,IF(SUM(COUNTIF(P12,{"*GL*","*DGB*","*DGI*","*GT*","*CS*","*PWU*","*DBI*","*SWU*"}))=0,P12,IF(IFERROR(VALUE(SUBSTITUTE(SUBSTITUTE(O12,"W",""),"""","")),0)>52,P12&"-OVRSIZE-",P12))))} | O12: {=IFERROR(_xlfn.LET( _xlpm.clean,TRIM(SUBSTITUTE(SUBSTITUTE(P12,CHAR(160)," ")," "," ")), _xlpm.beforeX,TRIM(_xlfn.TEXTBEFORE(SUBSTITUTE(_xlpm.clean,"x","X"),"X")), _xlpm.parts,_xlfn.TEXTSPLIT(_xlpm.beforeX," "), _xlpm.nums,_xlfn._xlws.FILTER(_xlpm.parts,ISNUMBER(IFERROR(_xlfn.NUMBERVALUE(_xlpm.parts),IFERROR(DATEVALUE(_xlpm.parts),FALSE)))), _xlpm.last,_xlfn.TAKE(_xlpm.nums,,-1), _xlpm.prev,IFERROR(_xlfn.TAKE(_xlfn.DROP(_xlpm.nums,,MAX(0,COLUMNS(_xlpm.nums)-2)),,1),""), IF(ISNUMBER(SEARCH("/",_xlpm.last)), IF(_xlpm.prev<>"",_xlpm.prev&" "&_xlpm.last&"""",_xlpm.last&""""), _xlpm.last&"""") ),"")} | S12: =IF(R12="","",_xlfn.LET( _xlpm.x,TRIM(SUBSTITUTE(SUBSTITUTE(SUBSTITUTE(SUBSTITUTE(R12,":"," "),";"," "),","," ")," "," ")), _xlpm.first,_xlfn.TEXTBEFORE(_xlpm.x&" "," "), _xlpm.rest,_xlfn.TEXTAFTER(_xlpm.x&" "," "), _xlpm.second,_xlfn.TEXTBEFORE(_xlpm.rest&" "," "), _xlpm.third,IFERROR(_xlfn.TEXTBEFORE(_xlfn.TEXTAFTER(_xlpm.rest&" "," ")&" "," "),""), IF(_xlpm.third="",_xlpm.second&", "&_xlpm.first,_xlpm.first&", "&_xlpm.second) ))
C13: {=IFERROR(_xlfn.TEXTJOIN("",TRUE,_xlfn._xlws.FILTER(MID(S13,_xlfn.SEQUENCE(LEN(S13)),1),ISNUMBER(SEARCH(MID(S13,_xlfn.SEQUENCE(LEN(S13)),1),"ABCDEFGHIJKLMNOPQRSTUVWXYZabcdefghijklmnopqrstuvwxyz0123456789,")))),"")} | G13: {=IF(TRIM(P13)="","",IF(SUM(COUNTIF(P13,{"*NLGD*","*FWG*"}))>0,P13,IF(SUM(COUNTIF(P13,{"*GL*","*DGB*","*DGI*","*GT*","*CS*","*PWU*","*DBI*","*SWU*"}))=0,P13,IF(IFERROR(VALUE(SUBSTITUTE(SUBSTITUTE(O13,"W",""),"""","")),0)>52,P13&"-OVRSIZE-",P13))))} | O13: {=IFERROR(_xlfn.LET( _xlpm.clean,TRIM(SUBSTITUTE(SUBSTITUTE(P13,CHAR(160)," ")," "," ")), _xlpm.beforeX,TRIM(_xlfn.TEXTBEFORE(SUBSTITUTE(_xlpm.clean,"x","X"),"X")), _xlpm.parts,_xlfn.TEXTSPLIT(_xlpm.beforeX," "), _xlpm.nums,_xlfn._xlws.FILTER(_xlpm.parts,ISNUMBER(IFERROR(_xlfn.NUMBERVALUE(_xlpm.parts),IFERROR(DATEVALUE(_xlpm.parts),FALSE)))), _xlpm.last,_xlfn.TAKE(_xlpm.nums,,-1), _xlpm.prev,IFERROR(_xlfn.TAKE(_xlfn.DROP(_xlpm.nums,,MAX(0,COLUMNS(_xlpm.nums)-2)),,1),""), IF(ISNUMBER(SEARCH("/",_xlpm.last)), IF(_xlpm.prev<>"",_xlpm.prev&" "&_xlpm.last&"""",_xlpm.last&""""), _xlpm.last&"""") ),"")} | S13: =IF(R13="","",_xlfn.LET( _xlpm.x,TRIM(SUBSTITUTE(SUBSTITUTE(SUBSTITUTE(SUBSTITUTE(R13,":"," "),";"," "),","," ")," "," ")), _xlpm.first,_xlfn.TEXTBEFORE(_xlpm.x&" "," "), _xlpm.rest,_xlfn.TEXTAFTER(_xlpm.x&" "," "), _xlpm.second,_xlfn.TEXTBEFORE(_xlpm.rest&" "," "), _xlpm.third,IFERROR(_xlfn.TEXTBEFORE(_xlfn.TEXTAFTER(_xlpm.rest&" "," ")&" "," "),""), IF(_xlpm.third="",_xlpm.second&", "&_xlpm.first,_xlpm.first&", "&_xlpm.second) ))
C14: {=IFERROR(_xlfn.TEXTJOIN("",TRUE,_xlfn._xlws.FILTER(MID(S14,_xlfn.SEQUENCE(LEN(S14)),1),ISNUMBER(SEARCH(MID(S14,_xlfn.SEQUENCE(LEN(S14)),1),"ABCDEFGHIJKLMNOPQRSTUVWXYZabcdefghijklmnopqrstuvwxyz0123456789,")))),"")} | G14: {=IF(TRIM(P14)="","",IF(SUM(COUNTIF(P14,{"*NLGD*","*FWG*"}))>0,P14,IF(SUM(COUNTIF(P14,{"*GL*","*DGB*","*DGI*","*GT*","*CS*","*PWU*","*DBI*","*SWU*"}))=0,P14,IF(IFERROR(VALUE(SUBSTITUTE(SUBSTITUTE(O14,"W",""),"""","")),0)>52,P14&"-OVRSIZE-",P14))))} | O14: {=IFERROR(_xlfn.LET( _xlpm.clean,TRIM(SUBSTITUTE(SUBSTITUTE(P14,CHAR(160)," ")," "," ")), _xlpm.beforeX,TRIM(_xlfn.TEXTBEFORE(SUBSTITUTE(_xlpm.clean,"x","X"),"X")), _xlpm.parts,_xlfn.TEXTSPLIT(_xlpm.beforeX," "), _xlpm.nums,_xlfn._xlws.FILTER(_xlpm.parts,ISNUMBER(IFERROR(_xlfn.NUMBERVALUE(_xlpm.parts),IFERROR(DATEVALUE(_xlpm.parts),FALSE)))), _xlpm.last,_xlfn.TAKE(_xlpm.nums,,-1), _xlpm.prev,IFERROR(_xlfn.TAKE(_xlfn.DROP(_xlpm.nums,,MAX(0,COLUMNS(_xlpm.nums)-2)),,1),""), IF(ISNUMBER(SEARCH("/",_xlpm.last)), IF(_xlpm.prev<>"",_xlpm.prev&" "&_xlpm.last&"""",_xlpm.last&""""), _xlpm.last&"""") ),"")} | S14: =IF(R14="","",_xlfn.LET( _xlpm.x,TRIM(SUBSTITUTE(SUBSTITUTE(SUBSTITUTE(SUBSTITUTE(R14,":"," "),";"," "),","," ")," "," ")), _xlpm.first,_xlfn.TEXTBEFORE(_xlpm.x&" "," "), _xlpm.rest,_xlfn.TEXTAFTER(_xlpm.x&" "," "), _xlpm.second,_xlfn.TEXTBEFORE(_xlpm.rest&" "," "), _xlpm.third,IFERROR(_xlfn.TEXTBEFORE(_xlfn.TEXTAFTER(_xlpm.rest&" "," ")&" "," "),""), IF(_xlpm.third="",_xlpm.second&", "&_xlpm.first,_xlpm.first&", "&_xlpm.second) ))
... C2048: {=IFERROR(_xlfn.TEXTJOIN("",TRUE,_xlfn._xlws.FILTER(MID(S2048,_xlfn.SEQUENCE(LEN(S2048)),1),ISNUMBER(SEARCH(MID(S2048,_xlfn.SEQUENCE(LEN(S2048)),1),"ABCDEFGHIJKLMNOPQRSTUVWXYZabcdefghijklmnopqrstuvwxyz0123456789,")))),"")} | G2048: {=IF(TRIM(P2048)="","",IF(SUM(COUNTIF(P2048,{"*NLGD*","*FWG*"}))>0,P2048,IF(SUM(COUNTIF(P2048,{"*GL*","*DGB*","*DGI*","*GT*","*CS*","*PWU*","*DBI*","*SWU*"}))=0,P2048,IF(IFERROR(VALUE(SUBSTITUTE(SUBSTITUTE(O2048,"W",""),"""","")),0)>52,P2048&"-OVRSIZE-",P2048))))} | O2048: {=IFERROR(_xlfn.LET( _xlpm.clean,TRIM(SUBSTITUTE(SUBSTITUTE(P2048,CHAR(160)," ")," "," ")), _xlpm.beforeX,TRIM(_xlfn.TEXTBEFORE(SUBSTITUTE(_xlpm.clean,"x","X"),"X")), _xlpm.parts,_xlfn.TEXTSPLIT(_xlpm.beforeX," "), _xlpm.nums,_xlfn._xlws.FILTER(_xlpm.parts,ISNUMBER(IFERROR(_xlfn.NUMBERVALUE(_xlpm.parts),IFERROR(DATEVALUE(_xlpm.parts),FALSE)))), _xlpm.last,_xlfn.TAKE(_xlpm.nums,,-1), _xlpm.prev,IFERROR(_xlfn.TAKE(_xlfn.DROP(_xlpm.nums,,MAX(0,COLUMNS(_xlpm.nums)-2)),,1),""), IF(ISNUMBER(SEARCH("/",_xlpm.last)), IF(_xlpm.prev<>"",_xlpm.prev&" "&_xlpm.last&"""",_xlpm.last&""""), _xlpm.last&"""") ),"")} | S2048: =IF(R2048="","",_xlfn.LET( _xlpm.x,TRIM(SUBSTITUTE(SUBSTITUTE(SUBSTITUTE(SUBSTITUTE(R2048,":"," "),";"," "),","," ")," "," ")), _xlpm.first,_xlfn.TEXTBEFORE(_xlpm.x&" "," "), _xlpm.rest,_xlfn.TEXTAFTER(_xlpm.x&" "," "), _xlpm.second,_xlfn.TEXTBEFORE(_xlpm.rest&" "," "), _xlpm.third,IFERROR(_xlfn.TEXTBEFORE(_xlfn.TEXTAFTER(_xlpm.rest&" "," ")&" "," "),""), IF(_xlpm.third="",_xlpm.second&", "&_xlpm.first,_xlpm.first&", "&_xlpm.second) ))
G2049: {=IF(TRIM(P2049)="","",IF(SUM(COUNTIF(P2049,{"*NLGD*","*FWG*"}))>0,P2049,IF(SUM(COUNTIF(P2049,{"*GL*","*DGB*","*DGI*","*GT*","*CS*","*PWU*","*DBI*","*SWU*"}))=0,P2049,IF(IFERROR(VALUE(SUBSTITUTE(SUBSTITUTE(O2049,"W",""),"""","")),0)>52,P2049&"-OVRSIZE-",P2049))))} | O2049: {=IFERROR(_xlfn.LET( _xlpm.clean,TRIM(SUBSTITUTE(SUBSTITUTE(P2049,CHAR(160)," ")," "," ")), _xlpm.beforeX,TRIM(_xlfn.TEXTBEFORE(SUBSTITUTE(_xlpm.clean,"x","X"),"X")), _xlpm.parts,_xlfn.TEXTSPLIT(_xlpm.beforeX," "), _xlpm.nums,_xlfn._xlws.FILTER(_xlpm.parts,ISNUMBER(IFERROR(_xlfn.NUMBERVALUE(_xlpm.parts),IFERROR(DATEVALUE(_xlpm.parts),FALSE)))), _xlpm.last,_xlfn.TAKE(_xlpm.nums,,-1), _xlpm.prev,IFERROR(_xlfn.TAKE(_xlfn.DROP(_xlpm.nums,,MAX(0,COLUMNS(_xlpm.nums)-2)),,1),""), IF(ISNUMBER(SEARCH("/",_xlpm.last)), IF(_xlpm.prev<>"",_xlpm.prev&" "&_xlpm.last&"""",_xlpm.last&""""), _xlpm.last&"""") ),"")} | S2049: =IF(R2049="","",_xlfn.LET( _xlpm.x,TRIM(SUBSTITUTE(SUBSTITUTE(SUBSTITUTE(SUBSTITUTE(R2049,":"," "),";"," "),","," ")," "," ")), _xlpm.first,_xlfn.TEXTBEFORE(_xlpm.x&" "," "), _xlpm.rest,_xlfn.TEXTAFTER(_xlpm.x&" "," "), _xlpm.second,_xlfn.TEXTBEFORE(_xlpm.rest&" "," "), _xlpm.third,IFERROR(_xlfn.TEXTBEFORE(_xlfn.TEXTAFTER(_xlpm.rest&" "," ")&" "," "),""), IF(_xlpm.third="",_xlpm.second&", "&_xlpm.first,_xlpm.first&", "&_xlpm.second) ))

Sheet Copy This Data
A1: {=_xlfn._xlws.FILTER('Helper Trucklist Page'!A:M,_xlfn.BYROW('Helper Trucklist Page'!A:M,_xlfn.LAMBDA(_xlpm.row,SUM(--(_xlpm.row<>""))>0)))} -> #VALUE!

Sheet Paste Here ctrl+shift+v List

Sheet Pallets Helper
A1: {=_xlfn._xlws.FILTER('Copy This Data'!A:M,'Copy This Data'!L:L="full","No window rows found")} -> No window rows found | O1: {=_xlfn._xlws.FILTER( _xlfn.HSTACK( C1:C10000, IF( (ISNUMBER(SEARCH("-OVRSIZE-",G1:G10000)))+ (ISNUMBER(SEARCH("-OVERSIZE-",G1:G10000))), "1O", 1 ) ), C1:C10000<>"" )} -> #VALUE! | Q1: {=_xlfn.LET( _xlpm.names,_xlfn._xlws.FILTER(O1:O10000,O1:O10000<>""), _xlpm.codes,_xlfn._xlws.FILTER(P1:P10000,O1:O10000<>""), _xlpm.u,_xlfn.UNIQUE(_xlpm.names), _xlfn.VSTACK( {"Homeowner","Window Count","Oversize Count"}, _xlfn.HSTACK( _xlpm.u, _xlfn.MAP(_xlpm.u,_xlfn.LAMBDA(_xlpm.n,SUM((_xlpm.names=_xlpm.n)*((_xlpm.codes&"")="1")))), _xlfn.MAP(_xlpm.u,_xlfn.LAMBDA(_xlpm.n,SUM((_xlpm.names=_xlpm.n)*((_xlpm.codes&"")="1O")))) ) ) )} -> #VALUE! | T1: Pallets Count | U1: Totals:
T2: =IF(AND(TRIM(Q2&"")="",TRIM(R2&"")=""),"",IF(R2<5,"Misc Pallet",ROUNDUP(R2/7,0)&" Pallet"&IF(ROUNDUP(R2/7,0)>1,"s",""))) | U2: Pallets: | V2: {=SUM(IFERROR(--_xlfn.TEXTBEFORE(_xlfn._xlws.FILTER(T2:T10000,ISNUMBER(SEARCH("Pallet",T2:T10000))*ISERROR(SEARCH("Misc",T2:T10000)))," "),0))} -> 0
T3: =IF(AND(TRIM(Q3&"")="",TRIM(R3&"")=""),"",IF(R3<5,"Misc Pallet",ROUNDUP(R3/7,0)&" Pallet"&IF(ROUNDUP(R3/7,0)>1,"s",""))) | U3: Misc Windows: | V3: =SUMIF(T2:T10000,"Misc Pallet",R2:R10000) -> 0
T4: =IF(AND(TRIM(Q4&"")="",TRIM(R4&"")=""),"",IF(R4<5,"Misc Pallet",ROUNDUP(R4/7,0)&" Pallet"&IF(ROUNDUP(R4/7,0)>1,"s",""))) | U4: Over Size Total: | V4: =SUM(S2:S10000) -> 0
T5: =IF(AND(TRIM(Q5&"")="",TRIM(R5&"")=""),"",IF(R5<5,"Misc Pallet",ROUNDUP(R5/7,0)&" Pallet"&IF(ROUNDUP(R5/7,0)>1,"s",""))) | U5: Total Windows: | V5: =COUNTA(L1:L10000) -> 0
T6: =IF(AND(TRIM(Q6&"")="",TRIM(R6&"")=""),"",IF(R6<5,"Misc Pallet",ROUNDUP(R6/7,0)&" Pallet"&IF(ROUNDUP(R6/7,0)>1,"s","")))
T7: =IF(AND(TRIM(Q7&"")="",TRIM(R7&"")=""),"",IF(R7<5,"Misc Pallet",ROUNDUP(R7/7,0)&" Pallet"&IF(ROUNDUP(R7/7,0)>1,"s","")))
T8: =IF(AND(TRIM(Q8&"")="",TRIM(R8&"")=""),"",IF(R8<5,"Misc Pallet",ROUNDUP(R8/7,0)&" Pallet"&IF(ROUNDUP(R8/7,0)>1,"s","")))
T9: =IF(AND(TRIM(Q9&"")="",TRIM(R9&"")=""),"",IF(R9<5,"Misc Pallet",ROUNDUP(R9/7,0)&" Pallet"&IF(ROUNDUP(R9/7,0)>1,"s","")))
T10: =IF(AND(TRIM(Q10&"")="",TRIM(R10&"")=""),"",IF(R10<5,"Misc Pallet",ROUNDUP(R10/7,0)&" Pallet"&IF(ROUNDUP(R10/7,0)>1,"s","")))
T11: =IF(AND(TRIM(Q11&"")="",TRIM(R11&"")=""),"",IF(R11<5,"Misc Pallet",ROUNDUP(R11/7,0)&" Pallet"&IF(ROUNDUP(R11/7,0)>1,"s","")))
T12: =IF(AND(TRIM(Q12&"")="",TRIM(R12&"")=""),"",IF(R12<5,"Misc Pallet",ROUNDUP(R12/7,0)&" Pallet"&IF(ROUNDUP(R12/7,0)>1,"s","")))
T13: =IF(AND(TRIM(Q13&"")="",TRIM(R13&"")=""),"",IF(R13<5,"Misc Pallet",ROUNDUP(R13/7,0)&" Pallet"&IF(ROUNDUP(R13/7,0)>1,"s","")))
T14: =IF(AND(TRIM(Q14&"")="",TRIM(R14&"")=""),"",IF(R14<5,"Misc Pallet",ROUNDUP(R14/7,0)&" Pallet"&IF(ROUNDUP(R14/7,0)>1,"s","")))
T15: =IF(AND(TRIM(Q15&"")="",TRIM(R15&"")=""),"",IF(R15<5,"Misc Pallet",ROUNDUP(R15/7,0)&" Pallet"&IF(ROUNDUP(R15/7,0)>1,"s","")))
T16: =IF(AND(TRIM(Q16&"")="",TRIM(R16&"")=""),"",IF(R16<5,"Misc Pallet",ROUNDUP(R16/7,0)&" Pallet"&IF(ROUNDUP(R16/7,0)>1,"s","")))
T17: =IF(AND(TRIM(Q17&"")="",TRIM(R17&"")=""),"",IF(R17<5,"Misc Pallet",ROUNDUP(R17/7,0)&" Pallet"&IF(ROUNDUP(R17/7,0)>1,"s","")))
... T813: =IF(AND(TRIM(Q813&"")="",TRIM(R813&"")=""),"",IF(R813<5,"Misc Pallet",ROUNDUP(R813/7,0)&" Pallet"&IF(ROUNDUP(R813/7,0)>1,"s","")))

Sheet Pallets Needed
A1: ="Truck List Pallets: "&TEXT(TODAY(),"m/d/yyyy") -> Truck List Pallets: 5/20/2026
A2: {=_xlfn.LET( _xlpm.header,'Pallets Helper'!Q1:V1, _xlpm.data,IFERROR(_xlfn._xlws.FILTER('Pallets Helper'!Q2:V10000,TRIM('Pallets Helper'!Q2:Q10000&"")<>""),""), _xlfn.VSTACK(_xlpm.header,_xlpm.data) )} -> #VALUE! | B2: 0 | C2: 0 | D2: Pallets Count | E2: Totals: | F2: 0
B3: #N/A | C3: #N/A | D3: #N/A | E3: #N/A | F3: #N/A
